{
  "manifest.json": 1708445840878,
  "test/integration/FirstJourney.js": 1708382744326,
  "i18n/i18n.properties": 1708382807397,
  "test/integration/pages/RisksObjectPage.js": 1708382744310,
  "test/integration/pages/RisksList.js": 1708382744310,
  "test/integration/opaTests.qunit.js": 1708382744262,
  "xs-app.json": 1708977395510,
  "test/testsuite.qunit.js": 1708382744242,
  "Component.js": 1708382744094,
  "manifest-bundle.zip": 1708977458372,
  "Component-preload.js": 1708977458477,
  "test/integration/pages/RisksObjectPage-dbg.js": 1708382744310,
  "test/integration/pages/RisksList-dbg.js": 1708382744310,
  "test/integration/opaTests.qunit-dbg.js": 1708382744262,
  "test/integration/FirstJourney-dbg.js": 1708382744326,
  "test/testsuite.qunit-dbg.js": 1708382744242,
  "Component-dbg.js": 1708382744094,
  "test/integration/opaTests.qunit.html": 1708382744254,
  "test/testsuite.qunit.html": 1708382744234,
  "test/flpSandbox.html": 1708382744222,
  "index.html": 1708382744094
}